{
	"class_name" : "PinholeCameraParameters",
	"extrinsic" : 
	[
		0.83517642938117254,
		-0.54888050675900846,
		0.034792543828951923,
		0.0,
		-0.47675290822739685,
		-0.75406385542595245,
		-0.45176804494880751,
		0.0,
		0.2742024731887639,
		0.36071857623377612,
		-0.89145673616673227,
		0.0,
		10.211846198783533,
		16.151721764668537,
		225.64458585382945,
		1.0
	],
	"intrinsic" : 
	{
		"height" : 1080,
		"intrinsic_matrix" : 
		[
			935.30743608719399,
			0.0,
			0.0,
			0.0,
			935.30743608719399,
			0.0,
			959.5,
			539.5,
			1.0
		],
		"width" : 1920
	},
	"version_major" : 1,
	"version_minor" : 0
}